Cement,BlastFurnaceSlag,FlyAsh,Water,Superplasticizer,CoarseAggregate,FineAggregate,Age,Strength
167.8,0.0,0.0,199.2,9.5,978.6,758.4,28,46.79
385.4,0.0,21.1,152.1,8.8,1036.6,723.5,7,65.31
310.8,9.1,1.8,230.8,0.0,1142.3,872.4,3,25.13
123.8,0.0,0.0,188.9,17.0,1033.4,855.5,14,31.48
220.7,121.7,0.0,180.7,2.4,848.1,731.3,90,62.76
453.8,0.0,0.1,166.3,5.7,895.2,654.0,7,61.58
102.0,18.5,0.0,175.9,7.5,1029.6,719.6,3,13.05
236.4,42.7,12.1,197.4,16.2,1033.4,847.5,100,69.87
413.5,0.0,18.2,232.7,1.2,1108.2,761.4,7,56.24
190.6,64.5,0.0,153.8,1.3,1044.1,672.2,180,69.61
210.3,78.0,18.7,179.5,0.3,900.3,774.5,28,47.45
271.3,73.2,26.0,157.6,7.5,1145.0,856.1,28,64.53
437.1,0.0,0.0,155.7,9.5,947.9,745.4,28,80.13
214.4,84.7,18.0,183.5,7.2,995.5,729.9,365,79.08
234.8,15.6,0.0,170.9,17.2,921.1,721.1,100,80.1
235.8,13.2,0.0,188.8,4.2,1030.8,748.5,56,58.65
511.7,13.9,0.0,196.5,7.5,1093.4,789.2,365,82.6
509.7,0.0,0.0,154.8,0.0,1086.3,878.6,56,82.6
386.1,0.0,0.0,170.2,0.0,977.9,792.6,14,63.38
321.6,136.3,0.0,175.7,9.3,973.0,838.9,56,75.64
358.3,0.0,10.9,135.2,9.3,1033.3,794.2,7,65.18
437.0,4.7,4.2,176.1,0.0,954.9,699.1,3,59.02
183.4,3.3,34.5,154.3,5.8,1053.5,881.8,3,35.83
404.1,0.0,0.0,176.8,9.8,1079.4,703.4,7,66.45
150.2,0.0,0.0,180.6,4.3,1003.4,724.6,1,15.47
214.6,0.0,178.0,141.4,1.3,932.3,828.4,28,59.27
376.0,0.0,0.0,157.8,5.8,970.1,807.9,14,72.84
131.9,3.8,0.0,190.0,18.1,1081.3,690.5,14,32.71
266.6,201.5,0.0,200.6,11.0,1145.0,667.6,270,81.88
191.1,7.5,20.1,222.2,3.6,1036.7,848.0,14,35.7
254.5,0.0,0.0,189.1,11.5,928.2,855.3,180,73.96
102.0,0.0,0.0,167.6,7.8,919.8,782.6,28,32.37
102.0,0.0,5.0,161.9,6.7,977.7,694.8,100,48.09
208.1,0.0,24.3,154.3,8.2,1046.6,774.3,56,57.84
378.1,44.6,35.4,203.6,8.2,873.6,878.5,270,82.6
263.1,0.0,0.0,152.5,0.0,985.1,799.1,270,80.1
281.5,100.9,24.2,165.0,7.8,1024.0,722.4,1,48.5
353.1,0.0,0.0,178.9,4.1,1036.0,837.1,180,82.6
189.3,142.4,0.0,208.9,5.9,980.8,930.1,180,68.48
310.8,0.0,35.0,194.7,0.6,862.3,944.0,28,55.67
197.0,0.0,0.0,178.7,8.5,1091.1,815.9,28,52.17
102.0,39.2,0.0,195.2,7.4,1085.7,769.5,28,45.62
240.4,0.0,0.0,222.8,6.0,987.6,653.9,56,56.16
341.2,0.0,30.3,174.4,7.8,941.6,714.3,365,82.6
316.6,0.0,0.0,206.1,8.3,960.6,876.4,56,61.46
280.0,0.0,0.0,194.8,11.7,951.5,836.4,28,62.9
531.2,0.0,0.0,208.3,0.0,989.7,787.9,14,62.68
324.3,79.5,0.0,184.7,16.2,1005.7,707.1,56,74.05
383.5,22.0,0.0,166.8,6.6,874.1,834.4,1,51.45
515.1,0.0,0.0,159.2,3.9,854.2,822.6,3,67.04
146.0,0.0,15.3,177.4,11.5,954.2,814.8,270,59.04
172.6,0.0,1.7,160.0,5.8,985.2,713.0,3,27.07
463.4,0.0,0.0,150.9,16.1,868.1,719.4,28,82.6
197.8,56.0,0.0,231.7,7.4,996.9,669.3,270,69.8
284.3,0.0,89.1,161.7,12.0,1057.5,597.1,28,67.78
392.9,155.5,39.7,171.2,6.4,935.7,730.7,1,49.99
374.3,0.0,0.0,184.4,4.2,1049.3,791.4,28,75.38
464.6,89.4,85.6,220.2,10.4,907.2,736.0,28,82.6
437.5,123.6,90.8,195.8,15.2,1009.4,863.5,1,55.18
393.0,127.0,0.0,211.4,13.5,888.3,670.1,56,80.71
200.5,12.4,0.0,185.3,10.1,957.6,879.3,100,66.37
364.3,0.0,20.7,182.3,11.3,877.5,840.6,100,75.36
314.0,2.5,33.4,186.1,12.3,967.7,673.5,28,67.18
142.6,0.0,0.0,207.9,12.4,1016.3,980.6,270,59.0
429.3,30.5,199.4,162.5,12.9,1077.7,755.3,56,82.6
365.6,88.9,0.0,169.0,0.0,912.3,692.8,28,70.09
286.0,15.9,0.0,201.5,2.1,940.4,696.3,1,27.38
256.8,0.0,0.0,211.6,10.9,835.1,735.2,270,70.96
156.0,81.7,5.0,150.5,10.6,1018.4,744.6,1,18.98
302.1,4.2,0.0,171.2,0.0,903.3,726.9,90,67.85
330.2,0.0,0.0,192.2,4.7,904.8,797.0,1,34.05
194.3,0.0,75.6,194.5,0.0,962.9,873.3,14,34.92
402.7,45.3,0.0,207.0,0.0,1067.5,719.9,7,51.51
166.5,0.0,36.0,212.6,6.5,901.4,795.2,270,64.36
102.0,21.2,0.0,172.8,2.4,1062.4,860.5,28,40.45
389.9,31.8,0.0,205.4,3.3,1030.4,732.6,28,62.12
239.0,0.0,69.6,163.0,3.6,976.3,717.4,180,74.68
268.0,34.6,0.0,204.3,7.7,1042.8,787.3,14,47.64
193.7,76.4,24.7,177.8,11.1,970.1,594.0,3,39.68
113.4,0.0,0.0,191.2,0.5,884.7,768.3,180,49.38
412.4,7.2,60.9,198.5,5.2,973.8,936.6,90,82.6
209.2,0.0,0.0,200.6,8.0,961.5,738.0,28,43.99
454.8,67.0,0.0,189.7,4.4,883.2,906.7,100,80.92
365.6,0.0,30.2,188.6,10.6,1053.3,806.4,28,69.93
248.3,81.7,0.0,154.7,6.4,912.0,755.4,56,61.84
167.7,100.2,0.0,191.3,13.4,849.0,792.1,270,74.31
204.7,35.9,0.0,167.8,0.0,902.9,809.3,28,48.64
154.5,23.8,0.0,171.1,21.1,1003.1,722.7,180,63.56
499.3,4.4,0.0,190.3,2.6,1060.1,656.5,100,82.6
298.4,88.1,0.0,215.6,14.6,993.7,751.8,14,48.91
401.4,0.0,0.0,202.8,13.0,985.5,717.5,270,82.6
148.8,21.0,29.7,180.1,16.3,1145.0,822.9,7,34.55
300.1,0.0,0.0,177.6,11.0,903.3,828.1,7,60.64
404.3,121.5,0.0,166.3,2.0,930.3,738.1,365,82.6
246.2,0.0,0.0,182.8,0.0,951.5,815.6,1,28.88
389.0,109.8,51.1,131.9,1.8,884.1,807.4,7,65.91
167.9,4.7,26.2,179.0,12.6,925.2,594.0,28,49.15
138.7,93.6,94.9,167.8,7.6,1111.5,851.2,270,65.49
320.8,47.4,69.2,178.0,0.1,962.0,663.8,1,44.8
241.6,38.6,0.0,149.3,0.0,999.9,754.9,7,39.43
348.3,0.0,11.2,172.7,0.0,894.0,902.3,100,82.6
102.0,0.0,0.0,213.6,3.3,959.6,840.6,56,42.09
355.6,16.0,74.1,185.7,5.3,1065.7,667.0,28,57.06
540.0,30.4,45.2,157.7,15.3,930.2,779.1,28,82.6
278.6,73.2,12.3,171.9,7.9,1116.4,777.1,28,61.51
284.8,49.1,51.8,184.4,2.7,1004.4,795.5,270,76.0
300.0,0.0,14.7,132.7,8.5,1085.8,663.9,14,69.8
102.0,0.0,0.0,232.1,1.4,1049.0,949.0,28,39.56
325.7,0.0,53.8,187.1,15.2,1033.3,808.7,90,82.6
113.4,11.1,0.0,187.1,0.0,1012.2,783.9,28,45.63
236.5,0.0,0.0,198.3,9.7,1004.2,849.6,7,29.55
411.1,26.2,0.0,193.6,0.0,1072.0,758.7,270,81.41
204.4,52.5,31.7,212.4,3.7,921.1,823.4,28,45.21
333.6,114.0,0.0,218.0,10.0,1009.3,713.9,28,68.86
387.0,0.0,37.2,164.1,8.9,868.2,720.9,1,53.79
310.3,135.2,0.0,140.1,4.9,1099.8,818.0,180,82.6
137.9,0.0,0.0,145.3,6.8,1036.3,774.1,28,45.18
246.5,70.7,5.1,228.7,0.0,1014.5,770.0,28,48.38
486.0,60.6,15.8,158.5,0.0,931.5,803.2,1,69.87
102.0,0.4,0.0,213.8,9.5,972.5,679.8,180,60.02
252.4,2.2,23.6,158.8,16.8,1009.3,594.0,3,46.23
223.5,0.0,6.0,209.4,11.2,801.0,752.3,56,51.22
293.8,0.0,0.0,209.1,7.7,1012.5,664.1,3,26.69
359.4,74.9,0.0,186.6,12.2,942.7,802.3,28,74.85
449.3,26.0,0.0,168.0,7.1,1079.4,862.4,1,53.42
253.0,0.2,0.0,206.2,11.6,1033.5,758.2,270,79.57
366.1,0.0,0.0,169.8,8.6,1025.2,660.1,90,82.6
333.4,148.3,0.0,215.0,6.9,1065.2,763.3,365,82.6
330.8,0.0,0.0,169.1,0.0,1041.9,705.1,365,82.6
222.3,96.0,14.2,211.3,8.4,1145.0,865.4,180,81.24
177.0,0.0,56.2,166.8,8.3,1015.4,774.1,100,55.09
166.2,36.8,11.7,165.7,10.8,1085.3,870.2,14,43.19
202.2,33.6,0.0,196.7,5.5,1100.2,708.0,14,40.85
314.8,0.0,0.0,182.0,8.2,971.1,771.9,7,53.8
360.7,22.8,0.0,195.3,3.2,1053.3,712.7,270,82.6
315.0,359.4,19.9,241.3,15.6,1024.1,812.7,180,82.6
223.8,41.5,54.0,161.9,3.2,956.8,749.8,1,33.21
469.9,0.0,6.0,174.1,2.8,1052.3,715.8,28,65.62
439.9,0.0,0.0,184.5,6.5,1029.0,660.2,365,82.6
244.2,15.3,15.6,159.1,0.0,1145.0,840.9,365,81.4
195.2,41.8,74.3,146.2,1.0,1038.0,823.3,90,68.59
294.8,0.0,0.0,161.9,0.0,1050.7,728.9,1,33.19
413.6,0.0,0.0,197.4,16.1,1079.9,713.4,365,82.6
316.0,0.0,5.7,166.5,8.6,1013.7,812.5,3,48.15
339.4,0.0,55.5,166.6,3.0,990.9,874.3,270,82.6
259.0,68.3,0.0,192.0,0.4,982.8,594.0,28,50.73
328.9,137.2,0.7,160.0,18.6,860.8,864.4,28,82.6
442.6,27.6,53.6,201.2,0.0,947.5,799.0,365,82.6
256.2,50.2,44.7,222.9,6.3,1107.9,813.4,28,49.78
296.2,0.0,0.0,187.7,14.1,1031.0,738.7,270,82.6
307.7,0.0,0.0,191.1,2.5,960.9,693.5,28,55.3
310.8,0.0,39.5,166.4,0.3,1077.1,798.5,28,54.34
133.7,54.6,0.0,187.7,0.0,1093.3,641.5,270,58.91
102.0,51.1,0.0,191.9,11.2,992.6,878.4,365,59.18
174.6,0.0,0.0,154.5,2.0,1145.0,813.0,14,35.92
298.7,7.1,14.4,161.1,0.5,994.7,691.4,28,60.62
339.1,139.1,0.0,164.3,0.0,957.0,821.0,56,73.87
225.7,22.0,0.0,186.1,2.3,998.7,653.5,90,55.16
425.1,30.8,18.4,170.3,10.9,997.9,823.6,28,82.6
266.2,5.0,0.0,185.7,9.9,1017.1,836.2,14,43.91
283.3,120.5,0.0,171.1,5.9,979.0,777.7,100,73.48
260.9,0.0,0.0,205.1,2.7,1056.1,820.2,90,57.06
295.2,35.7,45.8,177.8,1.9,886.7,695.2,100,77.01
354.8,0.0,0.0,159.9,0.0,989.1,594.0,90,82.52
350.8,0.0,36.4,216.5,8.4,962.6,831.6,14,63.65
187.3,0.0,0.0,225.9,6.8,1011.8,854.6,28,39.08
440.4,96.9,0.0,198.1,5.6,818.8,874.7,3,55.68
166.8,0.0,0.0,191.5,8.0,1009.2,760.4,28,38.68
289.5,10.8,0.0,181.1,10.8,983.1,691.4,14,51.81
252.5,10.5,9.8,191.1,9.7,849.7,594.0,28,62.94
171.6,0.0,28.7,158.7,0.0,1003.8,992.6,14,34.25
273.3,47.8,0.0,156.9,4.2,973.8,828.1,3,45.22
203.8,0.0,0.0,194.1,8.0,1083.4,806.7,270,68.78
288.8,37.4,0.0,156.2,5.8,990.3,720.9,100,77.76
323.3,0.0,39.1,220.6,2.6,1017.1,790.0,270,74.27
435.0,0.0,0.0,164.8,4.8,1061.9,789.2,7,70.89
313.3,0.0,0.0,193.3,16.8,1024.6,740.5,100,80.61
217.3,60.6,23.6,155.1,14.1,940.9,800.9,14,53.5
240.3,0.0,20.4,181.2,6.7,1038.5,774.1,28,62.39
295.8,15.7,0.0,190.5,3.8,985.2,901.8,270,82.6
291.0,0.0,0.0,172.4,9.3,940.6,640.7,7,50.62
433.7,0.0,0.0,168.1,11.8,996.5,740.3,14,65.77
427.0,48.2,0.0,175.8,8.3,869.1,780.1,28,79.67
243.7,93.6,11.8,209.5,0.0,930.6,778.7,180,70.88
223.9,15.9,0.0,203.3,6.5,869.6,594.0,180,66.31
102.0,0.0,0.0,205.3,7.2,970.1,757.6,3,15.75
223.8,108.5,0.0,203.8,0.0,870.6,816.2,28,49.25
179.0,0.0,34.9,214.1,7.1,999.5,594.0,28,43.59
244.1,15.8,0.0,199.0,9.9,1053.4,878.5,1,28.5
322.1,113.8,0.0,132.8,9.5,1037.8,829.2,180,82.6
299.7,5.8,0.0,195.4,14.2,871.5,953.7,1,30.51
278.1,0.0,34.8,191.2,0.0,864.9,699.6,56,61.04
302.1,0.0,100.7,176.9,7.7,925.1,702.6,270,82.6
268.0,8.0,0.0,150.1,3.2,965.5,677.9,90,75.01
301.8,42.5,0.0,167.0,11.4,855.8,745.9,28,59.4
102.0,42.8,116.6,174.5,12.3,920.6,744.8,3,27.3
253.1,45.4,0.0,200.3,0.0,921.0,610.3,3,32.44
269.6,14.4,0.0,197.0,4.1,939.4,692.1,180,73.19
245.5,0.0,0.0,156.8,0.4,806.5,836.2,28,65.49
258.4,0.0,0.0,194.6,5.6,859.6,710.5,100,56.07
354.7,16.3,58.4,140.5,5.9,930.9,900.8,365,82.6
218.7,0.0,12.3,172.5,14.0,909.4,654.1,100,63.68
511.2,0.0,119.6,181.3,9.2,958.9,823.9,3,73.01
353.1,0.0,34.0,197.6,12.5,936.0,706.5,28,67.24
280.5,0.0,0.0,176.1,11.9,981.0,794.7,1,37.81
259.6,0.0,0.0,193.6,0.0,852.0,778.0,56,54.19
272.2,3.2,35.1,187.9,6.5,955.9,817.1,28,52.52
185.6,24.4,0.0,192.0,11.9,849.8,609.0,28,49.11
271.3,6.9,0.0,195.8,14.5,1015.5,826.4,7,48.34
310.3,0.0,0.0,175.6,10.7,1048.6,781.4,56,64.77
341.8,44.4,0.0,200.5,0.0,905.6,770.8,1,35.94
341.8,0.0,0.0,214.9,8.9,963.6,883.4,28,59.67
252.5,17.9,46.2,178.2,5.8,1008.0,899.3,28,57.68
133.2,0.0,2.0,133.2,10.4,945.9,898.3,28,45.88
211.3,4.9,0.0,195.7,2.0,981.0,663.3,270,64.23
449.7,0.0,11.8,182.1,6.7,909.4,854.5,28,70.21
374.8,18.5,0.0,191.9,4.3,1094.1,741.2,7,51.56
319.8,0.0,7.5,164.6,13.8,965.3,675.7,180,82.6
201.6,78.5,54.5,171.7,9.9,949.2,761.4,28,64.8
281.6,0.0,21.6,182.8,4.7,1031.3,667.4,1,34.48
150.0,20.9,0.0,177.9,2.5,1018.4,755.5,365,56.2
223.5,0.0,93.7,180.4,3.7,845.6,832.1,14,51.43
255.6,0.0,14.4,171.1,16.2,1056.8,736.0,3,44.37
243.4,0.0,59.4,178.8,5.0,955.3,799.9,7,48.52
381.2,62.7,56.8,196.2,18.3,831.2,881.6,56,82.6
132.9,10.0,0.0,193.1,7.3,952.6,802.0,14,37.96
190.8,32.4,15.8,154.6,0.0,895.5,921.7,270,72.46
137.5,0.0,0.0,186.2,13.0,1006.0,806.0,14,35.49
151.9,0.0,0.0,166.0,0.0,1036.6,671.5,14,38.39
294.2,0.0,0.0,189.6,6.8,973.2,724.9,28,56.44
114.0,10.8,0.0,207.1,20.1,925.8,770.9,365,65.55
360.0,0.0,0.0,199.2,16.3,897.6,793.4,100,82.6
255.4,0.0,5.4,167.5,14.7,1005.7,851.9,1,40.22
288.4,0.0,14.6,183.6,11.9,961.7,692.4,180,76.3
314.9,40.9,50.1,189.8,13.4,869.4,752.9,100,82.48
235.8,98.1,0.0,191.3,1.2,1030.9,800.7,28,48.48
389.1,0.0,0.0,163.3,11.0,912.5,800.7,1,47.79
260.9,0.0,95.5,192.9,8.5,1018.1,921.1,28,60.39
343.3,12.2,29.0,188.4,14.4,931.7,634.4,90,82.6
260.4,21.7,116.4,161.1,16.1,917.9,823.3,56,80.24
311.6,7.4,16.8,189.3,3.5,986.2,797.8,180,78.05
310.4,0.0,0.0,172.1,0.0,1132.6,797.0,180,70.27
307.3,148.6,0.0,162.4,6.5,1006.8,901.8,3,50.71
179.4,0.0,0.0,173.0,15.2,912.7,724.7,3,31.7
326.7,6.7,1.4,161.3,0.0,1036.2,663.1,28,66.73
247.9,0.0,0.0,166.2,4.9,951.2,651.6,100,66.61
347.1,28.4,107.1,213.3,0.0,1087.5,730.1,100,65.78
102.0,0.0,93.9,153.9,2.2,856.4,796.3,270,57.56
128.1,359.4,0.0,198.3,8.4,1102.8,777.1,1,27.97
319.2,0.0,2.8,191.6,6.0,1026.3,906.8,28,56.66
475.9,48.7,121.9,214.2,1.2,902.1,673.3,28,77.41
368.5,103.2,0.0,224.4,15.1,882.1,778.2,100,75.65
209.9,0.0,0.0,178.5,3.7,1047.8,701.6,28,47.0
104.4,55.0,0.0,188.4,0.0,935.3,709.1,28,33.1
358.8,31.6,0.0,183.0,17.8,882.2,814.5,3,45.16
272.8,6.6,103.9,158.0,12.6,987.0,851.2,56,72.95
342.9,38.9,16.8,172.2,8.1,1014.1,770.0,270,82.6
293.2,50.0,0.0,240.8,0.4,1012.7,712.5,28,54.01
284.3,0.0,0.0,190.7,0.0,882.5,683.1,28,56.42
540.0,6.7,0.0,148.3,6.9,924.4,750.3,100,82.6
280.6,0.0,31.8,195.1,7.1,981.9,758.6,56,61.8
264.6,0.0,17.1,204.2,0.0,883.4,838.6,100,63.45
268.5,91.0,106.0,196.8,0.2,956.2,671.2,7,47.63
220.2,128.9,14.7,150.4,9.1,972.5,923.4,7,42.83
384.7,0.0,0.0,187.3,0.0,973.5,992.6,28,59.03
244.2,139.3,0.0,146.7,12.8,820.8,787.7,270,80.69
347.7,0.0,0.0,176.4,3.9,936.1,791.1,56,76.47
310.9,0.0,0.0,122.0,13.0,916.0,792.6,180,82.6
408.6,26.1,15.3,142.2,2.8,919.3,820.3,3,71.19
325.1,0.0,0.2,188.7,10.2,1084.3,704.6,3,47.43
154.4,3.6,14.1,205.2,7.7,1009.1,786.5,90,50.5
142.6,0.5,27.2,179.1,16.3,932.5,761.6,56,55.17
428.4,14.1,16.4,196.2,2.3,1078.2,739.5,180,82.6
217.6,0.0,43.0,221.9,18.6,1086.1,853.3,1,22.07
143.2,65.4,0.0,159.9,14.8,960.0,709.2,180,68.24
211.2,0.0,0.0,195.1,2.2,912.9,850.4,56,49.21
413.4,59.0,0.0,208.4,2.7,1015.2,806.7,100,78.89
132.8,0.0,13.7,185.5,8.4,860.2,856.6,1,11.17
190.7,30.8,0.0,190.2,10.8,985.2,765.1,100,57.74
211.5,6.3,29.4,192.2,0.4,941.9,739.9,56,52.44
150.5,63.6,12.0,172.2,0.0,837.6,768.6,180,65.93
157.4,122.5,6.5,208.6,0.0,1078.3,851.9,3,23.57
122.6,0.0,17.5,154.3,15.3,891.0,890.9,180,59.62
233.0,0.0,0.0,173.0,6.1,801.0,842.2,7,43.33
244.1,67.7,17.8,184.5,0.0,951.7,605.3,7,37.76
209.9,0.0,0.0,201.7,4.5,854.2,863.4,28,43.45
108.4,2.9,0.0,157.9,11.1,1101.0,776.5,3,31.75
412.2,56.4,0.0,201.6,8.6,922.5,776.5,100,79.14
142.3,0.0,0.0,179.0,17.5,1138.0,594.0,90,57.6
310.3,126.6,0.0,203.2,7.4,824.8,717.6,1,36.55
168.9,7.6,1.8,227.9,4.4,1143.8,827.9,14,29.21
351.0,43.8,0.0,201.9,7.9,954.5,685.9,14,56.83
381.1,0.0,0.0,188.8,15.3,938.7,594.0,28,62.29
189.5,0.0,0.0,189.1,10.1,958.1,766.8,28,41.54
102.0,67.0,1.1,195.4,5.4,1035.3,689.2,3,21.96
353.9,26.7,0.0,194.6,0.0,900.5,815.0,28,60.63
477.2,0.0,14.2,163.5,5.3,1035.3,848.5,56,81.48
324.6,93.0,0.0,186.9,0.0,918.6,784.1,3,36.08
298.0,13.6,4.7,193.6,8.7,919.4,752.5,100,68.98
366.9,37.6,0.0,161.3,8.6,949.8,725.8,365,82.6
361.1,87.9,5.9,179.3,0.3,1026.0,780.4,365,82.6
194.6,7.1,42.5,151.9,1.5,898.3,712.1,1,31.63
212.3,0.0,53.3,125.1,11.2,1120.1,785.4,90,72.9
345.1,0.0,0.0,177.3,5.9,927.4,857.5,7,53.17
266.2,72.3,0.0,174.7,9.5,1142.3,758.7,7,50.3
418.8,107.9,84.1,214.3,2.7,900.0,788.7,28,63.79
207.6,1.7,79.1,151.0,1.4,1145.0,812.4,1,32.57
359.6,58.8,0.0,194.3,4.4,1054.1,729.9,3,44.63
317.0,0.0,11.5,185.6,0.0,1101.3,778.0,28,59.93
268.0,0.0,0.0,204.5,2.8,866.5,716.6,28,49.24
404.1,0.0,26.6,172.5,11.9,903.4,704.1,180,82.6
352.3,27.3,0.0,194.6,2.4,896.6,826.2,270,82.6
176.2,0.0,0.0,160.5,15.6,968.7,681.9,270,75.78
348.1,0.0,0.0,191.2,11.9,1027.8,771.5,270,82.6
424.9,145.7,23.1,184.7,11.5,1051.3,750.1,180,82.6
267.6,39.4,0.0,171.1,8.3,1011.5,707.9,28,56.22
255.2,19.0,4.6,206.0,2.0,1020.8,801.5,7,30.83
211.2,24.7,0.0,184.5,0.0,1084.3,651.9,14,28.18
279.8,100.3,0.0,196.6,0.0,973.2,684.2,1,32.93
352.9,13.7,10.8,215.0,7.4,939.4,700.0,1,31.64
195.8,107.4,80.1,209.8,20.5,1022.9,673.9,3,43.87
140.5,3.0,0.0,204.6,9.0,1012.3,725.6,28,39.48
241.9,0.0,0.0,177.2,15.2,865.0,776.2,100,75.02
137.0,0.0,0.0,189.1,5.3,985.9,770.3,7,29.46
335.9,107.4,0.0,193.5,2.7,1145.0,784.4,56,71.66
236.6,38.9,5.3,199.9,11.0,977.6,744.9,28,51.07
102.0,0.0,5.1,194.0,3.3,1054.6,773.9,7,23.8
244.8,0.0,25.7,169.8,4.5,957.8,877.4,270,75.53
261.1,0.0,0.0,176.5,6.8,1101.3,622.5,28,50.21
328.1,80.1,7.4,177.4,0.0,1021.5,795.1,270,82.6
266.0,0.0,6.7,173.6,7.7,927.3,753.4,28,57.9
476.5,0.0,48.1,198.1,5.4,1050.1,741.3,100,82.6
227.0,0.0,99.4,143.5,0.0,1118.8,704.8,3,34.88
274.7,31.5,0.0,168.5,6.5,1021.6,611.9,90,68.61
270.4,28.0,0.0,175.0,10.5,980.5,771.7,3,46.59
251.7,0.0,0.0,208.6,1.4,1028.3,673.1,90,54.06
296.1,0.6,113.2,160.6,20.0,996.5,828.7,56,76.04
337.8,0.8,17.1,192.8,0.0,1042.3,706.0,28,66.0
421.2,66.9,0.0,184.1,1.0,948.1,720.6,90,82.6
117.2,29.7,29.6,167.5,9.7,898.5,740.2,90,47.91
227.9,0.0,18.4,226.0,6.6,1058.8,816.3,270,69.33
234.4,0.0,19.5,196.9,0.4,1145.0,830.5,28,46.07
379.2,38.9,0.0,170.9,10.4,1008.4,824.3,28,74.12
243.9,6.8,0.0,206.9,0.0,976.7,724.4,7,31.66
102.0,8.9,0.0,182.5,10.7,1145.0,827.2,28,36.3
290.4,85.1,0.0,156.3,13.5,1061.2,658.1,270,82.6
277.7,1.4,0.0,121.8,10.1,1053.6,820.5,7,66.5
300.0,0.0,7.4,195.6,7.4,998.3,802.8,28,69.68
172.5,0.0,0.0,190.5,2.3,934.1,815.6,28,35.67
460.8,0.0,0.0,162.8,0.6,944.6,709.1,28,82.24
247.4,3.3,0.0,149.8,10.7,957.8,755.6,28,62.8
261.5,18.7,0.0,165.6,10.8,864.2,874.9,14,57.02
187.1,45.0,68.4,170.6,2.7,955.8,648.3,28,47.56
183.9,0.0,19.4,191.4,7.4,984.6,790.2,3,29.36
153.4,4.7,0.0,187.5,18.4,951.1,738.9,270,63.59
240.1,0.0,0.0,172.8,3.8,997.2,761.1,28,58.97
181.1,47.5,0.0,144.3,8.8,966.9,796.8,28,49.31
496.1,51.1,68.5,155.2,8.5,985.6,685.8,180,82.6
102.0,0.0,42.5,215.7,10.2,924.6,816.7,365,61.29
163.3,19.4,0.3,172.1,16.6,948.3,686.8,3,24.69
239.3,0.0,57.8,208.1,13.7,972.6,753.5,3,38.46
351.6,0.0,0.0,201.0,1.2,915.3,640.1,28,66.46
238.0,0.0,0.0,146.2,7.5,965.7,772.4,1,36.78
351.8,18.7,0.0,198.2,0.0,924.9,666.3,1,31.44
178.1,61.3,0.0,159.3,4.1,1057.4,802.3,270,64.25
287.4,0.0,0.0,161.6,0.0,953.9,930.6,28,70.65
463.5,0.0,15.7,198.6,0.0,1012.7,740.9,100,82.6
180.1,0.0,0.0,170.1,8.1,929.0,695.7,1,26.11
325.0,69.2,0.0,148.5,19.4,956.4,745.7,28,82.6
302.8,0.0,67.7,156.8,9.1,965.7,792.5,56,79.22
102.0,73.2,0.0,173.0,16.8,875.4,676.5,28,40.91
219.7,9.5,10.2,195.9,0.0,844.4,758.7,180,64.35
399.4,16.7,0.0,149.7,0.0,867.5,927.5,100,82.6
295.3,55.6,0.0,182.3,1.4,1026.3,822.3,7,47.95
154.5,18.5,0.0,216.6,1.8,1012.9,694.9,100,58.39
353.4,26.1,46.7,153.2,12.1,950.8,785.3,14,69.1
231.1,14.8,0.0,170.3,0.0,839.4,747.1,1,22.96
318.8,38.2,0.0,171.3,0.6,1030.4,726.2,180,75.15
320.6,101.8,0.0,161.1,2.0,926.8,698.0,28,70.24
164.3,13.7,61.9,199.0,0.0,992.3,923.2,3,18.75
363.7,0.0,137.8,179.2,3.5,997.7,594.0,180,80.88
175.9,0.0,2.8,179.7,8.6,1067.6,844.9,7,31.11
144.7,0.3,84.3,213.2,4.6,974.7,731.8,28,39.3
188.9,14.6,0.0,187.5,6.3,801.0,887.0,365,69.92
245.0,0.0,0.0,180.0,7.3,1021.5,671.2,28,53.18
292.6,87.2,0.0,180.1,3.1,906.1,816.5,7,46.29
200.5,12.9,54.2,164.8,3.6,853.8,858.2,180,69.25
359.0,0.0,0.0,207.5,4.8,899.1,781.3,28,61.34
307.5,87.0,0.0,171.9,6.8,801.0,796.7,28,62.65
208.6,0.0,15.0,182.1,3.0,1030.0,705.4,28,47.76
374.1,0.0,0.0,137.7,0.0,883.8,722.0,180,82.6
402.5,94.6,0.0,195.3,8.1,1034.2,742.9,7,57.92
270.9,0.0,0.0,212.0,0.0,962.9,794.5,28,45.75
258.7,0.0,26.7,208.3,1.9,959.3,662.0,1,21.42
102.0,5.3,0.0,159.3,3.3,1020.4,618.8,28,39.34
238.6,106.3,33.2,194.4,0.4,801.0,702.9,1,20.57
250.7,0.0,0.0,182.7,1.2,1023.9,814.4,28,51.06
306.8,55.7,0.0,168.3,9.5,987.5,716.8,28,60.8
263.6,24.7,0.0,192.8,16.5,1052.4,724.9,28,61.44
306.7,75.8,0.0,195.9,0.0,939.0,801.4,56,64.54
441.5,0.0,0.0,191.2,3.6,1001.5,774.0,180,82.6
225.8,111.5,0.0,192.2,6.7,910.6,790.5,1,25.35
229.9,51.3,82.9,179.6,6.8,1021.3,807.8,7,48.76
144.4,111.3,0.0,216.9,0.0,1033.0,741.4,28,36.33
280.3,0.0,0.0,163.5,6.8,801.0,677.7,1,33.34
383.3,0.0,0.0,190.1,6.2,998.6,650.2,14,57.35
102.0,0.0,0.0,152.9,9.2,897.0,640.3,3,18.52
211.6,15.2,59.3,179.4,0.0,956.7,827.7,28,48.69
285.0,50.8,84.3,187.0,5.9,953.6,641.1,180,75.13
370.0,113.7,0.0,185.3,1.0,988.9,830.2,365,82.6
321.2,33.0,51.6,196.2,7.9,1008.7,730.1,28,67.78
315.2,0.0,17.5,164.6,16.2,952.0,806.4,1,45.25
257.8,0.9,0.0,164.2,11.0,926.1,813.0,365,82.6
331.6,100.9,0.0,154.4,3.4,922.3,761.3,3,56.48
387.2,144.3,0.0,163.8,7.7,860.2,804.1,270,82.6
102.6,18.8,0.0,166.9,7.3,826.9,797.2,7,25.84
357.3,0.0,0.0,163.4,0.0,1070.3,859.5,100,82.36
270.9,85.5,0.0,152.2,19.0,861.7,662.6,28,72.49
225.8,0.0,0.0,188.5,9.7,1097.0,787.6,365,77.08
102.0,0.0,0.0,175.6,12.1,887.1,732.3,56,47.96
137.0,11.6,0.0,184.8,1.5,1025.3,724.7,28,33.93
458.6,0.0,0.0,173.1,0.0,1064.8,731.2,100,82.6
209.2,26.0,0.0,227.7,3.1,941.2,875.8,180,62.73
167.8,0.0,0.0,139.3,6.8,966.4,661.1,270,65.36
233.5,15.2,0.0,168.8,5.2,988.8,759.9,28,60.44
203.3,0.0,160.9,149.1,0.0,985.9,719.6,100,63.16
294.2,3.9,25.6,196.6,10.7,914.3,841.8,28,63.76
439.7,0.0,5.1,168.0,2.7,850.2,692.9,1,44.59
219.9,20.5,39.6,187.3,14.7,992.9,751.3,270,70.5
297.3,12.4,23.2,155.0,5.0,1003.7,848.3,28,66.58
161.3,138.0,16.1,182.2,4.1,919.9,849.5,7,41.69
440.1,19.6,0.0,178.3,5.2,1066.3,759.6,56,81.91
301.0,0.0,75.4,169.9,5.6,929.7,773.3,14,56.43
168.1,37.0,0.0,246.6,7.9,1032.6,822.9,7,22.15
375.7,0.0,0.0,187.6,0.0,1030.6,765.7,1,43.87
406.6,75.2,53.2,141.4,17.3,844.5,710.4,14,82.6
298.1,8.0,0.0,228.2,10.8,1036.5,657.1,100,63.79
109.9,0.0,0.0,177.9,14.2,801.0,788.2,90,50.23
467.8,13.5,28.9,157.3,0.0,992.8,683.4,28,82.6
313.6,0.0,0.0,166.2,8.6,912.1,792.6,28,72.26
403.5,16.4,2.0,201.7,11.8,981.5,687.8,365,82.6
223.6,9.3,81.6,204.6,15.1,1065.5,790.5,180,71.2
239.5,30.4,16.7,191.8,0.0,1016.6,725.0,90,57.97
292.7,0.0,0.0,165.9,0.9,1017.3,714.4,28,57.06
397.6,0.0,0.0,196.4,4.1,1049.4,937.5,365,82.6
296.1,0.0,91.2,187.4,8.3,935.5,749.3,28,63.3
149.9,0.0,65.8,185.4,0.0,1014.8,879.9,3,22.33
308.6,52.6,0.0,183.4,13.5,983.4,630.4,28,74.12
451.5,8.9,0.0,176.2,0.2,935.8,713.2,28,64.91
288.1,0.0,0.0,184.8,0.0,998.0,869.9,28,63.8
294.7,56.3,22.7,170.4,7.1,913.8,729.5,28,61.14
149.3,0.0,0.0,195.7,3.5,1018.7,823.8,100,43.41
134.6,152.5,30.1,186.7,6.6,867.6,635.9,180,58.22
214.6,24.2,0.0,223.1,5.3,1079.3,766.7,56,43.97
247.1,12.8,0.0,156.1,14.5,944.7,731.4,1,41.28
292.1,67.2,89.6,208.3,10.2,1008.2,812.5,7,52.71
298.5,62.3,19.9,162.3,5.6,938.8,692.3,28,71.69
448.6,0.0,0.0,169.2,0.0,913.6,697.3,28,69.85
287.3,0.0,0.0,179.4,3.5,965.6,813.8,100,72.1
392.4,0.0,0.0,215.0,3.4,1093.8,770.1,90,74.71
277.1,9.7,4.9,162.9,0.0,975.3,862.7,28,57.91
432.6,0.0,0.0,204.0,10.9,907.7,675.4,270,82.6
102.0,269.4,0.0,202.9,0.0,834.9,812.9,100,52.54
218.6,0.0,0.0,207.7,0.0,977.9,751.2,7,20.6
383.9,67.8,68.7,168.4,1.7,981.9,643.4,1,54.53
263.3,74.4,0.0,199.4,0.0,907.8,774.0,365,80.44
378.5,16.5,0.0,182.2,3.8,1017.9,703.5,180,82.6
321.4,127.1,4.6,191.9,0.0,988.5,746.3,270,82.6
380.0,0.0,4.0,172.6,4.0,978.3,621.8,56,75.73
345.3,0.0,0.0,140.1,4.5,997.7,664.5,56,78.59
351.6,0.0,113.1,185.9,8.4,879.0,851.2,100,82.6
437.2,4.7,9.9,198.6,7.8,991.5,820.8,14,65.93
384.3,14.1,0.0,201.4,4.9,970.4,709.3,180,81.26
385.1,77.4,30.6,189.5,8.2,1059.6,808.4,100,82.6
283.3,0.0,32.1,174.0,4.6,927.7,677.3,270,74.63
220.4,35.3,120.8,165.6,14.4,1023.7,677.4,90,70.03
212.3,7.3,0.0,199.2,1.8,971.9,732.4,180,58.98
359.7,0.0,75.7,201.0,2.8,1047.4,748.1,14,57.14
102.0,47.2,2.1,180.8,6.2,1145.0,666.6,365,62.36
144.6,0.0,0.0,187.1,1.6,996.9,745.7,56,47.07
180.5,0.0,115.4,185.6,13.9,928.7,838.3,100,62.53
255.3,0.0,0.0,171.0,9.9,986.6,855.3,7,43.04
102.0,50.2,32.0,200.6,10.3,1011.8,701.8,3,25.33
412.7,32.9,1.1,213.0,9.4,932.5,736.4,100,82.6
343.9,0.0,0.0,145.9,10.5,953.8,667.2,270,82.6
488.6,189.2,80.7,192.9,2.0,945.2,755.4,7,68.75
392.2,65.9,0.0,190.5,9.2,1087.8,600.7,28,78.22
388.9,0.0,12.0,178.1,0.0,977.7,810.2,56,71.5
516.4,8.0,27.1,160.7,0.6,1009.4,793.0,270,82.6
221.5,0.0,12.1,219.0,8.5,891.0,777.0,270,63.46
124.1,0.0,0.0,177.8,5.9,873.6,816.5,56,46.9
256.9,0.0,15.7,218.9,7.7,874.6,667.9,90,59.37
195.0,41.0,50.2,200.5,2.8,990.3,850.5,28,48.66
254.4,0.0,0.0,182.9,1.8,910.7,810.5,180,67.79
171.5,46.3,0.0,177.9,4.1,904.9,737.3,7,40.33
340.5,0.0,19.4,185.6,6.6,1018.8,862.4,100,76.26
334.8,0.0,8.8,192.9,4.2,1049.0,796.0,3,43.16
278.4,96.9,11.9,185.5,11.1,921.5,782.3,3,47.45
313.8,0.0,21.2,172.9,4.3,801.0,765.7,100,82.38
266.4,149.2,0.0,205.1,0.0,866.4,798.6,3,35.96
359.8,0.0,0.0,217.2,8.8,838.9,832.4,28,57.29
288.5,0.0,0.0,181.1,13.1,1095.3,603.0,1,36.27
253.5,13.4,0.0,185.0,8.9,949.0,664.8,28,48.12
378.3,48.2,0.0,197.7,11.3,886.2,772.6,28,63.48
413.0,74.9,0.0,174.4,1.2,1105.5,767.8,270,82.6
421.0,0.0,0.0,136.8,8.2,868.4,687.7,365,82.6
177.7,29.0,64.6,184.9,9.7,985.2,807.8,56,55.43
225.4,0.0,12.6,204.7,5.9,907.9,623.1,90,54.92
103.4,8.8,0.0,153.9,0.0,857.5,842.8,180,44.97
256.3,0.0,30.6,135.4,6.9,894.5,832.4,28,71.51
324.7,14.6,0.0,194.4,14.4,1063.2,720.9,270,82.6
267.3,58.2,0.0,160.1,3.2,957.4,761.0,100,68.75
483.0,10.6,48.3,151.6,19.0,1037.9,726.0,28,82.6
238.8,2.4,0.0,156.3,5.1,925.2,743.9,56,60.28
167.5,0.0,51.6,188.7,8.4,916.1,827.7,270,67.76
340.6,0.0,0.0,209.5,0.1,940.2,815.9,180,80.32
296.9,8.9,0.4,152.3,0.0,1053.8,772.9,365,81.61
338.6,82.3,2.1,186.1,11.6,925.6,621.6,28,70.97
312.9,19.9,0.0,187.9,9.8,899.8,911.8,28,60.76
306.7,42.3,0.0,186.1,0.0,865.6,803.8,180,71.36
102.0,0.0,0.0,195.1,4.8,929.6,746.0,100,42.2
205.3,122.5,0.0,181.1,3.7,860.9,893.9,28,60.09
219.5,0.0,0.0,151.0,11.5,1137.4,694.1,28,50.87
244.8,101.6,0.0,186.7,10.4,993.7,697.9,90,68.66
234.3,27.4,54.1,203.9,0.4,856.2,902.6,56,54.66
324.3,52.9,8.5,176.0,12.0,1015.6,799.1,1,41.43
344.0,0.0,42.4,163.9,6.0,921.1,778.3,180,82.6
162.9,0.0,143.8,198.9,6.8,974.9,804.1,3,29.65
353.0,131.4,26.8,170.2,8.9,880.9,817.6,14,74.86
342.4,0.0,0.0,176.1,11.3,956.1,733.4,56,82.15
329.9,0.0,15.1,199.4,0.0,995.9,660.0,1,37.36
133.0,0.0,0.0,193.9,0.8,949.6,874.3,56,43.7
327.2,0.7,34.1,232.4,0.0,1042.9,794.0,28,45.01
289.8,0.0,0.0,173.2,9.5,1053.1,840.5,14,53.21
381.6,82.9,31.9,205.9,19.6,1091.5,699.9,270,82.6
467.7,26.8,0.0,163.0,0.0,865.5,801.0,180,82.6
447.2,4.8,0.7,226.9,1.2,991.2,618.2,3,40.05
293.0,0.0,0.0,212.8,10.5,1094.1,709.0,14,47.09
281.0,37.3,0.0,198.1,13.1,931.3,760.2,28,62.76
347.2,14.0,0.3,153.0,9.3,1064.6,766.0,100,82.6
164.7,0.0,8.2,193.2,8.1,986.0,878.6,7,31.41
129.6,0.0,0.0,166.9,0.0,903.8,658.0,7,25.95
231.8,0.0,42.0,197.4,4.2,932.0,764.2,7,36.6
408.7,9.5,0.0,185.3,5.7,990.8,794.5,180,82.6
246.6,64.8,0.0,178.0,16.6,929.3,855.6,180,76.82
438.2,39.6,11.5,223.5,5.5,1059.7,630.9,100,79.52
102.0,59.5,50.0,163.9,5.5,1027.3,815.9,3,21.42
115.3,17.1,23.6,170.7,4.9,942.9,814.5,100,44.73
268.3,0.0,0.0,197.5,0.0,868.2,594.8,180,59.77
374.0,113.0,30.7,169.3,18.3,980.1,858.0,180,82.6
273.9,20.1,10.7,170.1,1.2,1118.1,906.8,56,55.34
271.2,116.6,7.4,201.7,0.6,1057.6,730.9,180,80.24
268.5,169.5,0.0,201.4,8.2,1051.4,909.9,1,39.34
102.0,0.0,133.3,223.5,0.8,1033.9,789.2,28,37.17
402.2,0.0,112.2,195.1,8.7,1110.6,606.4,56,80.73
209.9,48.7,55.1,205.0,14.7,993.2,749.0,365,70.72
395.1,0.0,0.0,182.7,0.0,1122.7,826.1,56,82.6
273.8,21.6,10.2,176.9,4.1,990.0,799.4,7,50.31
392.8,0.0,0.0,185.8,3.2,949.9,867.7,56,73.71
317.1,47.9,109.1,170.2,7.9,1092.7,764.3,28,73.43
270.1,31.1,0.0,206.6,10.9,979.5,631.4,28,49.82
304.8,0.0,0.0,164.8,0.1,1000.7,873.0,14,53.04
127.3,75.2,103.5,198.9,6.4,996.0,747.0,100,56.56
281.8,0.0,0.0,226.1,2.9,1026.9,948.1,180,60.74
460.5,0.0,0.0,180.2,8.1,980.4,781.5,1,46.27
417.9,0.0,0.0,209.3,0.4,884.0,822.2,3,41.51
178.3,186.1,0.6,189.9,5.4,1030.2,681.4,90,60.43
334.0,10.1,0.0,183.7,10.5,996.1,594.0,28,71.72
307.1,191.7,0.0,199.9,5.9,948.2,786.8,28,67.67
366.6,44.3,0.0,196.3,10.4,910.2,784.9,28,69.99
291.0,0.0,7.3,192.8,5.1,1026.6,758.3,270,70.61
256.8,17.2,50.4,182.5,11.2,901.1,776.9,28,57.08
420.3,0.0,0.0,167.3,0.0,927.1,814.7,100,78.31
303.8,0.6,36.7,217.7,0.6,821.3,778.6,180,71.56
412.4,28.2,0.0,188.2,16.2,949.8,886.4,100,82.6
383.0,0.2,8.9,200.0,6.6,1045.9,794.3,100,82.6
247.3,29.5,63.7,227.6,15.9,973.7,876.3,1,28.43
263.7,0.0,17.4,203.5,14.5,891.1,858.8,365,76.68
482.9,55.2,29.5,159.7,7.9,1102.5,900.7,3,72.89
301.2,65.8,0.0,158.3,0.0,1014.3,793.7,3,46.27
201.9,0.0,83.3,225.2,10.1,915.5,886.8,90,52.4
155.8,153.9,23.8,146.3,2.3,997.8,773.2,3,26.15
383.0,0.0,143.7,166.5,2.6,952.9,744.0,28,74.93
298.0,117.1,0.0,196.5,0.7,829.0,689.7,28,61.75
198.4,0.0,63.1,188.4,4.6,1013.4,700.5,180,65.37
351.7,0.2,3.2,150.6,5.2,925.6,624.5,180,82.6
297.9,0.0,0.0,184.3,2.2,1105.8,932.4,28,57.36
107.7,56.4,0.0,225.0,0.0,1070.1,820.5,100,41.38
342.7,0.0,19.5,163.0,5.5,895.9,915.2,180,82.49
420.5,226.6,57.8,148.4,0.0,859.7,731.6,270,82.6
540.0,0.0,33.9,167.8,9.3,941.0,670.7,100,82.6
284.8,48.0,38.5,184.3,1.8,1035.2,780.4,100,73.88
305.5,0.0,7.3,173.0,0.0,1024.3,748.7,100,70.98
449.1,116.2,32.1,203.7,0.0,1102.2,863.7,7,61.45
298.8,0.0,0.0,206.7,6.3,984.3,756.3,28,62.78
310.0,26.2,53.5,211.1,8.5,860.8,748.0,28,67.94
215.3,59.8,48.6,202.2,7.9,946.6,960.1,28,48.66
135.5,156.2,0.0,176.7,0.0,874.5,627.8,365,68.38
376.6,0.0,0.0,170.2,11.7,1053.2,750.6,180,82.6
148.1,33.5,0.0,182.9,12.5,1013.4,828.6,270,60.24
400.4,70.9,37.6,203.9,11.3,927.1,732.0,3,46.88
198.8,45.5,7.2,163.1,11.0,965.0,733.5,100,63.13
308.9,76.6,0.0,188.6,7.0,1078.9,876.9,100,73.26
242.3,0.0,0.0,203.8,10.0,1078.6,946.4,28,57.51
403.9,0.0,0.0,206.1,14.7,957.1,855.2,100,77.58
312.6,31.9,0.0,195.3,7.1,939.7,720.6,7,43.58
485.9,0.0,6.6,158.6,4.9,1050.2,915.0,14,82.6
168.0,45.5,0.0,176.7,2.0,922.7,834.4,28,41.51
324.4,47.2,45.6,179.8,0.0,903.5,820.3,28,65.67
286.1,4.9,0.0,141.4,16.6,991.5,644.7,28,73.79
310.5,33.8,0.0,162.6,8.2,963.1,742.3,56,77.96
448.0,11.3,11.3,212.1,16.5,937.2,865.4,1,49.57
342.4,62.0,0.0,172.1,11.2,1106.1,747.7,270,82.6
161.3,40.9,0.0,149.9,10.4,963.3,813.8,28,51.17
337.0,0.0,0.0,192.1,16.4,953.9,784.5,180,82.6
237.8,0.0,0.0,207.0,6.5,947.0,805.4,100,59.82
231.7,18.3,18.7,144.0,3.7,983.2,752.2,28,58.6
390.5,0.0,6.3,177.8,0.0,951.5,852.4,28,72.94
218.3,0.0,52.8,162.8,1.4,975.4,913.2,90,58.81
241.5,17.7,0.0,164.3,0.0,843.1,648.1,270,78.68
284.6,0.0,0.0,160.7,4.8,882.8,751.2,1,37.76
380.1,12.6,0.0,186.8,0.0,1091.2,833.2,270,82.6
342.0,0.0,3.7,179.7,0.0,1055.1,876.3,270,81.86
256.7,19.7,0.0,211.4,0.0,1062.9,713.6,270,72.55
252.8,9.5,39.4,159.2,2.2,963.2,787.6,1,34.88
160.0,0.0,28.7,213.9,4.7,878.4,594.0,365,60.7
201.8,86.9,40.5,182.2,0.0,1048.0,736.2,28,42.76
212.8,0.0,0.0,183.9,2.8,1041.2,936.4,28,37.19
265.6,5.7,56.5,164.1,15.2,909.5,773.0,56,71.37
488.8,20.1,0.0,190.7,14.1,1145.0,616.9,28,76.88
210.6,0.0,22.3,211.2,7.1,1018.5,846.0,270,64.73
250.3,12.9,0.0,162.7,3.3,1037.4,766.0,14,47.02
102.0,126.0,0.0,205.7,0.1,881.4,817.4,365,60.84
344.0,61.3,9.8,166.9,5.3,1134.6,805.2,28,70.21
116.4,12.4,0.0,171.8,5.7,984.9,791.8,28,42.16
186.5,0.0,0.0,187.2,11.5,1017.5,708.6,56,49.37
390.1,0.0,4.9,180.8,9.2,965.5,643.5,90,82.6
102.0,10.4,0.9,179.4,6.9,1008.8,780.7,365,55.46
291.2,25.2,51.9,181.3,5.9,862.6,846.3,14,43.32
364.9,0.0,0.0,225.0,0.9,1041.0,708.0,365,82.6
440.6,0.0,101.1,185.0,0.0,1008.2,711.8,365,82.6
185.1,1.9,142.0,158.3,10.1,851.3,811.9,7,48.84
216.0,0.0,10.7,155.5,2.2,1059.9,925.7,28,49.57
469.8,0.0,0.0,175.3,11.6,972.5,913.3,3,59.69
278.6,20.1,0.0,222.2,4.3,1091.0,688.6,180,61.36
204.3,37.2,0.0,236.6,5.1,915.8,824.1,14,38.94
206.2,27.2,30.7,202.0,1.6,837.5,787.9,28,48.13
179.6,17.5,0.0,155.4,13.8,993.8,809.3,1,28.89
235.3,0.0,35.9,161.8,6.9,1008.8,766.7,28,60.13
394.9,0.0,0.0,156.2,0.0,1124.9,733.9,270,82.6
374.0,87.5,26.5,162.1,3.1,924.2,867.1,14,70.21
158.5,73.5,0.0,130.4,0.0,1008.8,699.2,90,57.73
303.6,58.6,200.1,193.7,6.1,1055.6,798.3,365,82.6
239.2,10.7,0.0,168.4,0.0,991.6,907.7,14,44.09
363.0,65.8,0.0,221.5,0.0,990.3,773.1,1,37.56
264.9,16.1,0.0,190.4,18.3,868.1,822.0,90,73.78
320.0,64.0,0.0,197.1,18.8,1047.7,873.1,14,55.59
264.6,5.1,0.0,143.0,6.0,971.1,705.7,28,59.29
102.0,0.0,0.0,170.9,13.3,1145.0,689.5,28,39.38
286.1,0.0,65.5,155.6,3.0,1069.4,702.1,270,82.6
148.3,1.9,0.0,146.4,2.6,934.8,938.0,7,31.61
359.3,107.7,0.0,194.0,9.5,926.1,743.1,100,82.6
210.2,56.4,0.0,183.0,10.5,873.2,780.2,56,58.03
218.0,75.3,0.0,148.5,5.6,971.4,725.7,365,81.46
280.3,0.0,0.0,209.6,13.9,1053.6,710.7,28,60.32
341.6,0.0,0.0,194.8,14.9,1011.5,740.2,180,82.6
263.5,35.3,13.4,167.9,12.0,1071.4,867.3,270,79.69
452.8,0.0,0.0,193.5,6.1,926.6,799.5,90,82.6
453.5,0.0,0.0,185.0,16.4,1061.4,815.3,90,82.6
460.5,19.6,13.3,168.5,14.1,968.4,739.7,28,77.26
256.7,0.0,0.0,166.0,3.5,1071.9,832.5,100,71.27
126.3,0.0,0.0,196.7,7.6,855.6,805.1,28,37.04
408.7,0.0,0.0,188.5,7.6,919.2,666.3,28,76.25
237.7,0.0,0.0,149.5,0.0,919.3,811.1,56,72.36
285.2,0.0,0.0,198.0,3.5,1034.6,690.4,14,53.49
346.9,2.2,9.5,154.6,7.4,849.3,849.6,100,78.72
113.5,0.0,98.6,170.1,9.9,964.0,773.0,28,32.03
451.4,93.6,4.2,199.6,12.8,1062.7,701.1,365,82.6
372.6,0.0,0.0,178.2,8.7,1029.3,814.1,3,58.0
318.0,0.0,86.1,200.7,0.0,975.6,698.0,14,56.01
374.3,0.0,47.3,222.5,5.3,1090.6,803.7,180,74.75
339.4,0.0,0.0,166.1,17.1,1006.4,649.8,270,82.6
293.4,91.2,0.0,194.8,15.0,994.3,794.6,28,67.2
249.0,67.0,0.0,200.3,4.3,951.6,810.6,56,57.22
204.0,15.0,4.6,208.4,5.6,1113.8,695.0,365,69.71
311.2,0.0,0.0,184.5,10.4,1098.3,694.0,1,29.9
318.9,0.0,53.0,162.4,0.6,1001.5,701.7,28,56.18
394.4,41.5,0.0,148.8,6.8,1002.1,679.7,7,66.06
302.2,0.0,0.0,197.4,12.3,989.1,781.1,3,43.4
192.0,0.0,0.0,203.4,0.2,977.8,730.9,270,57.68
116.5,50.1,0.0,202.8,14.3,962.2,702.6,180,56.13
267.9,5.1,16.9,195.8,5.8,1013.8,787.0,270,80.1
278.3,0.0,19.4,159.3,3.0,916.0,662.5,28,56.83
270.9,96.6,0.0,202.0,0.0,912.2,794.6,90,69.41
121.3,14.3,5.1,140.7,8.4,907.4,875.9,28,48.58
393.5,31.3,47.8,198.3,8.2,1042.5,959.7,1,44.11
393.3,0.0,0.0,159.0,0.0,821.2,703.3,100,82.57
195.2,0.0,0.0,157.6,0.0,1109.0,702.8,14,35.29
365.4,0.0,0.0,151.2,3.7,926.3,665.8,270,82.6
380.8,95.5,26.3,141.8,0.0,878.4,908.3,180,82.6
285.2,0.0,0.0,201.2,0.0,969.4,918.4,3,30.32
182.1,33.5,58.3,152.6,6.0,890.3,907.4,180,63.71
449.8,41.7,25.9,188.4,4.3,924.1,722.0,56,82.6
321.0,0.0,13.8,213.9,0.9,936.3,912.6,365,80.98
255.0,0.9,7.5,157.3,0.0,965.9,754.1,56,62.47
362.0,23.7,38.1,195.3,8.0,811.3,632.0,14,62.64
450.7,0.0,103.2,157.5,7.1,1005.4,629.8,3,62.32
229.2,0.0,12.3,169.8,13.4,925.2,814.9,56,67.53
353.5,86.3,0.0,160.9,5.2,821.6,656.1,14,66.57
484.3,64.2,43.6,165.9,0.0,980.5,842.2,3,62.23
164.5,0.0,0.7,195.1,2.0,1116.3,856.1,180,53.03
223.8,12.7,75.7,183.8,0.3,837.1,919.1,180,71.04
218.7,0.0,20.2,151.9,5.1,957.1,736.7,28,59.37
264.7,11.4,0.0,153.8,0.0,980.5,700.6,1,29.82
259.3,53.4,8.9,210.7,0.0,1076.3,711.0,56,59.53
312.6,0.0,0.0,147.5,0.0,889.3,765.0,365,82.6
195.5,54.6,0.0,213.3,4.2,1051.2,720.8,90,47.68
216.1,57.5,26.9,164.7,10.0,915.2,760.4,365,82.6
312.7,0.0,102.0,182.7,3.5,1035.9,864.9,28,65.14
297.4,0.0,28.2,186.3,3.9,1056.6,758.2,28,55.92
372.5,18.8,0.0,171.3,14.5,941.3,702.7,270,82.6
324.0,12.5,12.6,193.7,13.9,876.1,776.3,90,72.97
361.9,15.0,37.0,176.4,5.4,996.8,677.0,7,56.91
161.8,113.3,136.3,162.8,1.1,982.8,771.4,90,62.4
241.1,46.5,56.2,164.6,10.3,881.0,878.5,180,81.58
474.4,52.5,47.1,174.6,6.2,1001.2,717.7,28,81.7
322.2,12.2,0.0,215.7,14.2,967.4,705.2,1,29.21
359.3,22.3,16.0,182.0,8.0,968.7,758.9,180,82.6
309.7,83.2,13.7,168.5,2.2,980.3,943.7,3,47.81
325.6,0.0,0.0,155.3,2.3,971.0,771.0,3,52.54
257.1,83.7,0.0,180.7,11.4,929.5,674.0,365,82.6
540.0,11.2,0.0,170.0,3.7,1019.9,820.9,14,74.17
239.8,0.0,57.9,134.4,1.2,891.4,822.0,90,73.23
277.2,0.0,170.9,192.6,17.0,1124.5,890.7,270,81.63
102.0,0.0,0.0,198.2,0.0,801.0,798.0,90,42.74
396.8,55.8,22.8,193.0,0.0,1035.6,675.8,365,82.6
223.5,0.0,29.1,220.8,8.8,1040.5,666.7,56,57.65
274.8,1.5,69.5,190.4,3.3,949.0,745.2,100,76.47
226.0,7.1,58.0,175.1,8.2,880.0,875.2,14,50.72
266.7,1.4,59.7,193.5,4.2,978.3,705.1,90,66.6
251.5,0.8,0.0,199.5,7.1,898.1,805.5,100,63.78
276.7,93.6,0.0,179.8,5.9,947.9,726.9,28,62.02
275.7,49.9,0.0,187.5,2.7,903.7,806.7,28,54.12
265.1,0.0,0.0,179.3,10.7,1049.3,891.1,180,77.98
263.7,23.6,60.1,211.2,4.4,967.3,792.8,3,33.65
417.9,0.0,0.0,209.1,6.8,1063.0,723.6,28,65.14
373.3,28.2,0.0,176.9,9.0,969.1,809.1,90,82.6
373.9,0.0,0.0,165.0,2.2,835.3,950.8,56,72.66
204.7,0.0,0.0,179.7,5.9,986.0,740.9,28,50.58
412.5,0.0,0.0,146.4,12.3,1081.3,803.1,90,82.6
399.5,17.9,8.5,198.3,5.7,963.0,851.3,270,82.6
223.4,0.0,7.2,200.8,9.0,877.2,853.5,7,32.68
440.4,0.0,0.9,159.8,5.1,946.6,834.7,270,82.6
209.8,0.0,20.9,200.0,8.8,885.2,804.0,28,48.94
102.0,0.0,7.9,177.0,3.0,1046.4,892.1,180,56.45
396.3,0.0,0.0,222.1,6.3,883.9,868.9,7,47.95
268.7,0.0,0.0,232.2,11.7,895.5,737.3,365,77.65
383.3,0.0,0.0,177.0,14.2,967.7,809.8,28,59.42
202.4,0.0,48.4,149.2,5.2,1071.0,801.9,3,28.25
149.3,0.3,0.0,209.1,5.8,898.3,742.3,90,47.22
409.9,40.1,29.2,219.7,5.7,955.5,614.5,14,59.77
134.1,9.6,0.0,198.5,10.7,937.3,844.6,28,47.73
118.1,80.5,0.0,182.5,0.0,944.4,734.9,100,51.25
102.0,0.0,0.0,205.8,13.7,803.1,748.9,1,16.91
102.0,0.0,0.0,157.4,0.0,865.8,799.8,100,48.59
172.6,0.0,57.4,205.2,3.4,909.2,701.2,180,64.11
102.0,0.0,0.0,166.5,11.9,995.4,810.1,28,39.83
277.5,8.7,0.0,177.6,6.1,928.3,885.1,270,77.13
102.0,0.0,4.8,209.5,6.5,851.6,791.4,1,9.49
166.8,0.0,0.0,208.8,7.2,945.9,870.0,7,27.19
524.9,115.6,45.2,178.5,7.9,997.3,720.5,28,82.6
317.3,25.7,0.0,167.9,4.8,1094.5,816.8,28,65.24
286.7,0.0,0.0,184.6,5.3,998.5,768.7,56,68.62
111.8,85.2,0.0,162.6,13.1,896.0,607.3,56,58.61
255.5,59.6,32.5,207.6,12.7,973.2,865.8,28,63.41
286.2,0.0,11.5,167.3,19.9,950.2,770.3,28,77.94
113.5,0.0,40.7,160.0,15.1,861.1,809.2,3,25.6
294.4,151.0,59.9,200.4,10.3,975.7,757.2,365,82.6
405.7,0.0,2.0,189.3,11.3,1082.4,753.3,100,82.6
244.8,33.7,0.0,168.7,9.7,1074.2,751.1,3,36.39
260.6,0.0,200.1,170.1,7.2,801.0,738.1,90,69.41
102.0,11.1,46.0,177.0,0.0,959.3,749.7,180,48.66
135.0,0.0,0.0,162.3,8.1,938.9,726.4,56,40.59
391.7,19.1,10.9,185.4,2.2,951.7,721.8,1,43.96
212.1,274.6,0.0,177.3,9.1,980.1,679.8,270,82.24
184.0,8.8,0.0,146.5,11.8,869.5,992.0,28,56.91
208.8,9.6,46.8,172.7,0.0,951.1,721.0,28,54.58
275.2,0.0,0.0,212.2,11.4,952.4,795.0,100,61.67
160.1,0.0,32.0,161.7,5.0,1112.3,674.1,90,57.69
294.4,0.0,22.0,168.9,11.7,872.8,766.2,56,70.92
139.1,28.7,0.0,173.0,11.1,978.8,698.3,365,66.28
362.1,0.0,30.9,179.3,0.7,831.5,717.6,28,62.08
170.7,0.0,0.0,152.0,3.7,1076.1,717.6,3,30.63
419.2,15.9,0.0,164.8,8.9,942.1,792.8,56,82.6
280.2,66.0,0.0,177.5,0.0,988.8,718.2,7,47.92
192.8,25.5,0.0,194.9,5.3,947.6,900.5,7,33.46
376.4,0.0,62.1,192.4,14.6,864.7,783.8,100,82.5
137.6,110.4,9.6,186.8,11.8,990.7,621.9,270,75.0
224.0,41.6,0.0,186.9,15.6,996.3,803.7,14,53.14
281.2,0.0,0.0,160.8,2.9,898.8,923.8,14,46.94
268.5,10.0,91.6,140.5,1.9,981.8,797.1,7,57.95
102.0,0.0,0.0,151.3,9.1,961.4,813.7,365,57.52
185.0,0.0,0.0,189.2,2.8,1095.7,750.1,7,33.11
298.8,0.0,0.0,191.7,0.0,1043.7,823.2,270,78.93
143.3,0.0,39.7,160.7,14.1,1035.6,851.7,7,33.3
413.5,6.2,8.6,217.4,12.1,990.9,792.8,180,82.6
332.9,104.9,29.4,216.7,5.1,979.4,880.3,365,82.6
227.5,0.0,3.0,163.1,9.2,930.4,878.3,1,30.73
258.2,31.5,29.1,183.6,15.9,898.6,809.6,28,63.53
475.7,0.0,10.4,204.6,1.7,1049.9,706.8,365,82.6
379.0,0.0,0.0,213.5,14.7,885.0,733.1,28,62.21
320.9,0.0,27.4,186.5,0.0,964.8,795.9,56,61.69
133.3,0.0,0.0,171.3,0.0,875.5,763.6,28,40.69
451.5,0.0,0.0,194.1,7.3,949.6,706.4,1,43.13
391.2,80.2,0.0,192.5,3.3,935.2,842.7,28,70.54
265.7,76.4,13.6,218.5,5.7,1020.5,736.9,180,73.4
223.8,0.0,0.0,198.1,4.8,880.7,690.7,365,74.7
261.6,17.9,0.0,192.3,11.9,801.0,814.0,1,34.24
155.6,19.8,17.0,180.8,3.7,1002.0,723.6,180,51.93
232.0,230.0,0.0,193.1,0.0,1049.5,697.0,28,58.21
361.0,26.3,21.5,135.4,5.6,926.9,781.3,1,48.38
102.0,70.4,47.9,187.3,20.5,978.6,992.6,1,14.95
248.4,0.0,0.0,195.4,0.0,952.9,733.2,28,52.35
293.1,28.1,0.0,147.3,7.1,944.0,771.8,14,64.8
292.0,19.9,0.0,159.1,0.0,1019.2,743.0,180,82.6
158.0,8.7,35.4,141.3,0.0,1012.5,776.3,28,40.91
157.7,1.2,0.0,193.0,2.5,1026.9,660.3,90,47.93
395.0,14.5,0.0,199.2,11.2,972.4,751.8,28,69.41
153.2,0.0,0.0,151.2,14.4,985.9,856.4,100,53.07
386.6,17.7,0.0,175.1,6.8,975.5,667.7,14,55.51
230.8,0.0,124.4,160.2,5.3,999.1,893.4,28,55.62
394.0,43.2,16.7,193.4,9.3,960.5,636.5,14,70.61
237.2,81.7,144.4,160.9,2.6,867.0,845.6,365,82.6
159.3,0.0,36.5,162.5,5.5,983.0,851.8,90,55.5
370.7,51.2,14.8,190.5,10.5,995.2,860.9,28,68.7
279.4,20.8,0.0,231.4,0.0,988.3,783.1,100,57.9
432.6,18.6,29.2,164.2,2.7,1061.8,799.4,3,55.65
374.4,0.0,0.0,167.1,5.1,1023.6,832.7,90,78.94
257.2,0.0,73.7,175.2,8.9,1039.0,664.0,14,47.26
234.2,0.0,54.9,194.1,0.0,884.7,819.1,56,52.12
283.6,12.0,0.0,185.6,0.0,1023.5,707.8,90,76.06
301.1,33.7,59.4,167.8,0.0,960.4,774.2,28,65.53
189.1,0.0,0.0,171.8,1.4,899.6,886.1,180,66.37
369.2,0.0,0.0,169.8,10.5,1053.7,819.4,270,82.6
239.7,55.9,0.0,158.1,8.9,861.5,707.0,180,75.98
237.0,0.0,0.0,203.0,11.5,846.8,900.6,365,76.24
224.7,31.3,0.0,173.7,5.2,951.2,671.2,90,58.67
305.3,0.0,0.0,192.6,5.2,1145.0,706.0,14,61.35
208.9,0.0,57.1,168.3,5.4,986.3,851.9,28,49.02
295.3,21.1,0.0,183.9,3.3,1047.9,715.4,90,73.82
540.0,98.7,18.1,204.5,21.3,983.1,830.6,365,82.6
275.6,0.0,0.0,213.3,8.5,908.0,827.3,3,36.67
235.8,0.0,0.0,202.3,1.1,1037.9,783.3,100,59.62
106.9,0.0,0.0,162.2,4.9,882.5,826.3,7,22.19
286.4,0.0,59.6,150.3,11.6,1013.1,734.6,180,82.6
165.3,0.0,101.3,181.0,0.0,807.0,717.8,3,21.57
242.0,41.9,1.4,192.3,4.6,885.0,763.1,7,31.23
297.0,0.0,0.0,218.3,12.8,1100.5,772.3,28,59.43
102.0,9.4,0.0,179.8,9.8,1100.0,699.6,28,36.96
297.7,85.8,0.0,198.7,3.5,900.8,617.9,270,79.06
313.0,0.0,47.3,187.7,11.4,1030.0,866.6,365,82.6
145.7,6.7,16.3,155.6,5.6,1048.3,847.4,56,48.48
240.2,0.0,0.0,195.5,0.4,1016.5,782.2,365,68.64
102.0,26.6,0.0,178.8,5.0,968.0,708.8,365,58.04
445.8,0.0,44.6,200.2,14.1,821.9,990.3,3,57.06
315.7,59.4,164.7,152.3,8.9,1101.7,860.0,28,68.15
262.4,0.0,5.0,199.2,6.1,920.2,655.0,14,47.39
264.1,44.1,0.5,179.0,0.0,1046.8,821.2,180,75.64
399.4,9.1,76.3,170.7,4.1,1056.7,751.0,28,72.29
271.4,0.0,47.2,215.3,10.9,946.4,909.1,7,46.42
315.8,0.0,0.0,199.2,11.6,996.5,818.9,180,81.32
439.9,0.0,29.7,198.8,0.0,986.1,683.2,100,77.16
245.0,0.0,0.0,178.7,0.0,902.6,676.5,100,70.82
167.0,34.0,0.0,156.8,4.7,969.4,666.4,180,62.08
195.0,3.7,33.8,154.1,4.0,1003.4,787.7,1,26.91
430.5,18.6,29.1,174.6,10.0,1085.7,640.7,7,58.18
290.8,106.6,0.0,151.8,0.0,1091.9,594.0,3,46.61
228.7,0.0,0.0,171.5,2.0,884.4,734.7,7,40.07
382.9,0.0,0.0,180.7,11.1,1053.4,676.0,1,47.12
385.5,17.5,0.0,174.1,11.7,812.1,744.0,7,62.53
231.5,39.9,0.0,185.8,0.0,952.4,601.1,7,52.68
179.6,0.0,13.2,132.5,9.8,880.3,764.1,56,68.59
117.1,23.5,0.0,198.6,0.0,1046.4,774.6,14,31.07
102.0,0.0,15.5,179.0,9.8,1010.5,681.5,90,50.57
253.5,15.5,93.5,193.9,10.3,847.9,619.9,7,42.23
187.9,10.6,0.0,173.7,7.2,910.5,767.2,1,22.27
475.4,0.0,0.0,178.5,0.4,985.6,865.7,100,82.6
287.3,2.0,0.0,157.8,0.0,965.5,594.0,28,61.51
102.0,0.0,0.0,186.7,14.8,946.6,773.4,28,41.29
429.5,156.8,0.0,166.3,0.0,951.0,594.0,100,82.6
298.1,5.4,0.0,187.0,2.2,850.6,822.8,100,76.51
354.9,3.8,0.0,200.0,4.6,1084.7,722.8,14,51.91
352.5,26.9,63.3,185.1,6.4,1058.8,770.3,28,70.04
312.2,72.2,33.2,223.6,9.4,1033.5,663.3,28,64.06
335.9,87.4,27.7,190.6,8.8,972.6,867.7,100,74.31
306.2,1.1,45.0,180.5,7.5,998.7,841.5,90,68.79
165.6,16.7,0.0,185.9,5.0,1081.7,895.0,28,39.77
319.5,38.3,16.1,185.3,0.8,929.9,687.6,28,56.64
388.2,0.0,25.9,195.3,12.1,961.7,836.3,28,74.0
259.2,0.0,0.0,169.0,8.5,818.2,992.6,7,50.45
338.8,14.5,0.0,189.1,10.4,984.9,655.2,3,44.79
325.0,0.0,0.0,161.8,4.9,975.9,763.3,270,82.6
470.9,5.8,0.0,184.7,10.5,935.0,726.2,100,82.6
254.8,20.7,1.8,195.7,0.0,1016.5,680.9,3,39.25
250.7,0.0,0.0,200.4,12.6,998.6,823.1,3,43.16
269.0,0.0,0.0,173.7,5.0,1076.8,807.4,1,34.75
270.5,149.6,0.0,207.4,3.5,891.8,633.3,100,75.82
102.0,0.0,0.0,177.0,3.0,929.3,748.4,180,55.67
214.0,21.5,0.0,156.0,2.4,1035.4,629.3,56,62.05
312.5,19.5,66.2,184.1,6.3,961.3,594.0,270,82.6
280.3,128.6,78.5,197.3,7.5,970.0,822.5,28,71.34
197.7,0.0,0.0,166.6,15.8,1145.0,840.9,365,82.6
211.7,0.0,0.0,152.4,6.4,876.1,720.6,1,35.57
244.0,73.8,0.0,181.6,0.0,965.9,693.3,14,51.25
197.4,38.3,3.9,179.4,19.7,913.6,779.4,3,27.67
227.6,0.0,0.5,164.8,5.9,1049.1,821.9,28,52.27
224.8,0.0,112.5,210.1,5.3,926.7,979.5,365,70.0
374.8,16.1,0.0,199.1,3.0,999.7,803.9,28,57.73
387.4,0.8,52.9,203.1,0.0,1030.5,920.1,365,82.6
378.8,14.8,0.0,154.0,13.5,1030.5,887.5,180,82.6
325.8,0.0,0.0,175.5,0.0,992.2,651.9,56,62.84
207.2,70.0,0.0,171.3,12.2,969.9,647.5,1,34.16
381.5,6.0,92.8,173.6,4.5,911.8,789.9,100,82.4
248.4,179.2,0.0,203.5,9.7,971.5,800.2,100,71.83
283.6,0.0,18.1,169.5,4.4,986.6,667.4,14,63.16
421.0,3.2,38.1,167.9,8.1,1012.8,715.8,90,82.6
290.0,140.7,0.0,203.7,6.1,961.5,739.7,3,35.59
307.0,0.0,12.5,220.1,6.4,1114.1,727.0,90,71.8
133.6,18.5,4.0,209.5,13.7,960.4,843.0,28,36.21
332.1,30.7,15.7,162.3,6.3,1063.9,795.2,28,71.12
178.8,0.0,40.7,138.0,0.0,1145.0,863.0,90,55.91
386.9,0.0,200.1,165.1,0.0,1113.5,746.6,1,53.95
261.9,6.8,0.0,178.8,2.8,1030.1,701.8,365,71.74
102.0,0.0,66.7,188.5,10.0,950.9,797.2,365,67.19
243.8,3.7,10.2,170.8,9.8,1076.2,928.5,3,32.69
257.4,61.9,0.0,206.1,11.0,890.9,895.5,270,81.08
331.9,0.0,0.0,193.9,8.7,908.3,818.4,365,81.23
351.3,0.0,0.0,181.9,8.5,1003.6,635.4,28,69.96
246.9,3.2,63.9,151.3,1.7,996.7,711.6,365,82.6
387.0,2.5,3.3,206.4,9.6,989.7,725.0,100,74.5
102.0,14.5,0.0,180.7,15.1,1048.3,852.8,100,54.97
206.6,0.0,0.0,143.6,5.4,937.8,992.6,7,39.97
165.0,83.9,74.2,207.9,10.1,1083.6,710.6,90,59.08
150.1,88.5,0.0,222.2,2.8,1027.0,736.9,100,53.77
381.5,64.3,7.2,176.8,12.5,933.5,831.4,14,60.77
367.8,87.4,5.0,159.8,10.2,1068.3,824.1,180,82.6
200.1,0.0,0.0,205.4,7.0,1055.6,714.6,180,67.18
404.3,103.2,0.0,212.2,0.6,999.3,811.2,3,41.04
291.8,31.2,0.0,196.8,8.3,884.9,923.8,14,53.15
237.1,16.2,138.6,137.3,16.1,860.7,655.2,270,82.6
208.8,49.6,0.0,167.9,7.0,975.9,755.3,7,46.65
199.9,22.7,35.3,162.2,19.9,869.4,767.0,3,38.39
330.6,3.5,0.0,193.7,0.0,1093.9,911.5,7,51.55
349.1,96.8,0.4,213.1,1.8,1141.3,807.9,14,66.35
306.1,89.8,58.0,181.8,2.1,914.4,739.2,365,82.6
102.0,0.0,12.0,178.3,6.3,1109.0,644.0,365,59.53
312.2,0.0,42.3,149.9,11.8,995.3,718.4,365,82.6
340.3,0.0,0.0,153.1,3.1,967.2,711.2,3,47.02
211.3,6.7,3.7,181.7,6.3,1076.4,677.7,14,35.52
285.7,0.0,11.5,212.3,9.6,1038.7,697.3,1,29.72
102.0,96.2,83.9,171.1,7.1,939.1,808.5,3,29.88
152.7,0.0,57.1,169.2,6.7,1015.5,768.1,7,39.68
247.3,76.6,0.0,158.2,5.8,1037.5,697.7,180,82.6
248.8,38.4,0.0,154.4,14.8,1145.0,756.2,28,64.25
318.0,0.0,0.0,202.0,1.5,1018.2,794.6,56,58.79
157.2,0.0,130.9,176.2,15.5,1004.6,701.7,56,62.86
245.5,62.4,6.1,199.2,2.7,1042.5,706.1,90,66.22
230.0,0.1,13.6,142.2,10.2,924.6,800.4,14,52.5
336.4,3.2,32.3,173.9,9.6,1030.4,808.1,1,44.74
429.7,92.0,18.5,213.8,6.2,895.7,714.5,7,57.14
461.0,302.7,0.0,156.7,6.5,1145.0,768.0,270,82.6
117.3,0.0,0.0,159.7,9.0,993.7,829.8,1,10.92
276.2,0.0,0.0,178.9,5.0,969.7,811.8,7,46.67
164.9,0.0,0.0,181.4,2.5,1120.4,667.3,7,32.08
274.4,54.6,4.9,187.8,13.0,914.1,755.7,28,59.67
325.4,76.6,13.6,179.1,4.4,923.5,725.6,7,54.14
289.7,122.7,0.0,182.8,6.6,958.7,717.0,28,62.19
276.1,0.0,0.0,181.8,5.0,938.1,708.9,1,27.43
436.2,37.4,24.5,161.9,7.9,1102.8,648.1,28,78.23
356.5,7.6,0.0,172.1,10.6,891.6,952.8,14,54.54
252.7,0.0,46.1,152.9,2.0,1006.6,769.3,28,55.8
283.7,70.8,25.6,185.6,0.0,903.2,878.0,28,64.04
372.2,10.4,51.4,162.6,19.3,861.1,786.9,3,59.19
344.9,0.0,19.5,193.1,0.0,803.1,594.0,180,82.6
236.8,80.2,0.0,192.8,7.7,1056.7,805.5,56,61.36
102.0,7.3,0.0,136.6,0.6,895.3,938.4,14,29.6
157.4,34.6,0.0,199.5,5.9,925.7,772.9,14,34.55
296.5,86.5,0.0,196.1,0.0,1001.0,732.9,270,74.79
102.0,0.0,0.0,183.9,18.3,1031.2,736.9,56,49.26
265.3,2.6,0.4,134.7,5.0,902.2,753.8,90,65.97
233.8,21.1,0.0,141.5,5.4,1016.2,887.3,180,82.6
385.6,0.0,0.0,198.6,11.1,1100.4,732.5,90,78.61
143.5,5.3,0.0,170.6,2.0,993.1,675.4,3,15.7
102.0,18.6,25.1,187.8,0.0,921.4,814.1,100,47.08
237.3,0.0,0.0,121.8,14.2,874.5,900.7,3,50.59
347.5,8.8,15.1,191.8,0.0,985.0,673.6,180,79.26
393.0,24.6,29.5,165.8,7.6,972.3,965.7,28,74.09
186.2,40.4,143.4,165.2,0.0,1043.1,738.8,3,35.0
330.3,9.8,58.1,202.5,8.5,1011.9,892.5,180,81.2
165.1,0.0,0.0,173.8,9.8,929.0,795.7,28,43.77
202.9,0.0,0.0,189.2,5.2,859.9,843.9,270,73.42
340.5,50.3,0.0,163.3,2.8,864.0,804.2,365,82.6
356.2,0.0,0.0,223.2,1.5,982.0,763.7,28,54.65
176.8,0.0,141.2,164.2,6.1,969.2,596.0,1,42.19
330.8,0.0,1.1,198.5,3.7,974.9,594.0,270,82.6
102.0,15.5,0.0,170.3,0.6,927.1,788.3,28,32.0
260.0,91.6,72.9,184.8,4.5,1022.9,755.6,1,30.46
162.7,6.8,18.1,177.3,3.6,1011.5,822.5,28,41.74
196.8,72.2,0.0,176.0,22.7,1093.1,634.0,28,58.18
147.8,0.0,30.8,174.9,4.1,991.4,716.6,100,56.85
339.1,0.0,0.0,162.2,3.1,976.7,756.9,28,63.85
339.1,107.3,15.2,189.9,10.3,1006.9,864.2,90,77.47
209.0,0.0,0.0,186.4,17.6,943.8,850.0,28,48.22
320.4,64.2,27.8,180.2,1.2,1043.9,658.1,270,80.04
308.5,0.0,10.5,209.8,5.2,995.5,696.1,365,81.68
267.8,0.0,0.0,199.3,2.1,1002.8,807.1,7,32.26
506.7,46.2,25.4,166.5,13.5,1050.2,795.8,270,82.6
193.3,4.7,6.6,184.3,10.6,1102.5,795.2,365,65.23
282.7,16.2,0.0,204.1,10.1,988.3,892.4,28,61.17
241.2,4.0,0.0,178.9,1.3,947.6,811.4,1,15.32
242.3,13.7,0.0,181.9,6.9,1010.7,836.7,365,77.09
297.9,0.0,0.0,173.0,12.8,927.8,845.1,14,56.29
250.4,0.0,0.0,171.4,15.7,938.4,740.7,28,55.51
191.3,34.3,172.3,200.2,4.5,1104.3,662.4,3,37.65
294.2,37.0,15.5,186.3,9.6,961.3,933.0,180,73.72
404.8,16.8,104.7,195.1,12.4,893.0,791.5,7,63.56
379.7,76.1,40.4,185.0,7.9,946.5,712.8,180,82.6
302.4,0.0,0.0,171.7,13.0,921.8,704.9,3,53.55
204.4,10.9,0.0,159.0,0.0,944.3,834.8,7,35.13
300.7,31.9,19.9,174.2,9.9,843.6,643.9,56,73.37
